{"cameraMode":{"drawMode":0,"name":"Shaded","section":"Shading Mode"},"sceneLighting":false,"audioPlay":false,"sceneViewState":{"showFog":true,"showMaterialUpdate":false,"showSkybox":true,"showFlares":true,"showImageEffects":true,"showParticleSystems":true},"in2DMode":false,"pivot":{"x":-5.001211166381836,"y":16.597810745239259,"z":-0.494131863117218},"rotation":{"x":-0.42539480328559878,"y":-0.5745472311973572,"z":0.5056968927383423,"w":-0.4831608235836029},"size":2.8578836917877199,"orthographic":false}