{"cameraMode":{"drawMode":0,"name":"Shaded","section":"Shading Mode"},"sceneLighting":false,"audioPlay":false,"sceneViewState":{"showFog":true,"showMaterialUpdate":false,"showSkybox":true,"showFlares":true,"showImageEffects":true,"showParticleSystems":true},"in2DMode":false,"pivot":{"x":13.134147644042969,"y":1.5693814754486085,"z":11.256671905517579},"rotation":{"x":0.16202226281166078,"y":-0.5305315256118774,"z":0.10414780676364899,"w":0.8255473971366882},"size":2.8578836917877199,"orthographic":false}