{"cameraMode":{"drawMode":0,"name":"Shaded","section":"Shading Mode"},"sceneLighting":true,"audioPlay":false,"sceneViewState":{"showFog":true,"showMaterialUpdate":false,"showSkybox":true,"showFlares":true,"showImageEffects":true,"showParticleSystems":true},"in2DMode":false,"pivot":{"x":1.2137027978897095,"y":-0.8917768001556397,"z":-2.778528928756714},"rotation":{"x":-0.1351862996816635,"y":-0.8447433710098267,"z":0.452992707490921,"w":-0.2514408528804779},"size":4.041658401489258,"orthographic":false}